"Title:","Vehicles in Fatal Crashes, by Vehicle Make / Model Year from the Fatal Traffic Accidents: Vehicles Involved Database"
"SubTitle:","USA - Model: All Models - Vehicle Year: All Vehicle Years"
"Time:","01/1975 - 12/2020"
"Unit of Measure:","#","#","#","#","#","#","#","#","#","#","#","#","#","#","#","#","#"
"Citation:","National Highway Traffic Safety Administration (2022-05-06). Fatal Traffic Accidents: Vehicles Involved: Vehicles in Fatal Crashes, by Vehicle Make / Model Year | All Types | Automobiles | Motorcycles | All Makes | Audi | BMW | Chevrolet | Ford | Honda | Toyota | All Models | All Vehicle Years, 01/1975 - 12/2020. Data Planet? Statistical Datasets: A SAGE Publishing Resource. (Dataset). Dataset-ID:  023-004-006 doi:https://doi.org/10.6068/DP1845DD36FC445"
"ColumnCount:",18
"RowCount:",552

"Time","All Types, All Makes, All Models, All Vehicle Years, #","All Types, Audi, All Models, All Vehicle Years, #","All Types, BMW, All Models, All Vehicle Years, #","All Types, Chevrolet, All Models, All Vehicle Years, #","All Types, Ford, All Models, All Vehicle Years, #","All Types, Honda, All Models, All Vehicle Years, #","All Types, Toyota, All Models, All Vehicle Years, #","Automobiles, All Makes, All Models, All Vehicle Years, #","Automobiles, Audi, All Models, All Vehicle Years, #","Automobiles, BMW, All Models, All Vehicle Years, #","Automobiles, Chevrolet, All Models, All Vehicle Years, #","Automobiles, Ford, All Models, All Vehicle Years, #","Automobiles, Honda, All Models, All Vehicle Years, #","Automobiles, Toyota, All Models, All Vehicle Years, #","Motorcycles, All Makes, All Models, All Vehicle Years, #","Motorcycles, BMW, All Models, All Vehicle Years, #","Motorcycles, Honda, All Models, All Vehicle Years, #"
"01/1975",7606,2,,1758,1624,48,92,7446,2,,1734,1598,48,88,,,
"02/1975",7018,6,,1632,1396,68,84,6920,6,,1622,1392,64,84,,,
"03/1975",8156,6,,1876,1722,72,92,8002,6,,1856,1694,68,90,,,
"04/1975",8144,8,,1832,1604,104,110,7952,8,,1810,1578,104,110,,,
"05/1975",9964,4,,2196,1936,176,146,9682,4,,2162,1886,172,140,,,
"06/1975",10114,10,,2278,1860,206,140,9830,10,,2246,1824,204,136,,,
"07/1975",10462,10,,2358,2014,212,114,10188,10,,2342,1980,210,112,,,
"08/1975",10742,4,,2420,2044,176,146,10450,4,,2384,2002,166,146,,,
"09/1975",9750,,,2226,1964,198,106,9490,,,2174,1912,198,104,,,
"10/1975",9916,8,,2248,1998,148,128,9614,8,,2190,1954,146,128,,,
"11/1975",9722,4,,2378,2034,132,122,9470,4,,2336,1976,128,120,,,
"12/1975",9468,8,,2316,1954,80,128,9264,8,,2280,1914,80,128,,,
"01/1976",7498,4,,1720,1528,46,86,7342,4,,1704,1488,46,86,,,
"02/1976",7402,6,,1788,1618,74,118,7248,6,,1762,1594,74,116,,,
"03/1976",7868,10,,1776,1578,108,94,7698,10,,1758,1554,106,94,,,
"04/1976",8682,2,,2078,1692,112,130,8464,2,,2026,1670,112,128,,,
"05/1976",10150,4,,2260,2002,210,136,9930,4,,2228,1962,206,134,,,
"06/1976",9750,10,,2100,1910,150,160,9494,10,,2082,1856,144,160,,,
"07/1976",11222,8,,2444,2188,230,154,10956,8,,2414,2158,228,150,,,
"08/1976",10714,16,,2312,2148,248,154,10506,14,,2296,2114,246,152,,,
"09/1976",9900,12,,2228,1974,190,132,9736,12,,2210,1944,188,132,,,
"10/1976",10506,14,,2378,2034,146,150,10282,14,,2352,1986,144,148,,,
"11/1976",8676,12,,2114,1860,122,136,8512,10,,2092,1840,122,130,,,
"12/1976",9800,16,,2346,1960,114,162,9668,16,,2324,1936,114,160,,,
"01/1977",7026,4,4,1542,1448,104,148,6916,4,,1526,1438,104,146,,,
"02/1977",7342,12,4,1638,1552,96,122,7202,12,4,1618,1538,96,118,,,
"03/1977",8820,16,20,1928,1916,188,132,8658,16,20,1894,1890,188,132,,,
"04/1977",9358,14,14,2134,1856,268,136,9216,14,14,2114,1834,268,136,,,
"05/1977",10172,8,26,2326,1978,378,182,10022,8,26,2308,1946,378,182,,,
"06/1977",10940,14,14,2404,2034,392,184,10702,14,14,2378,1992,392,184,,,
"07/1977",12304,16,18,2670,2320,602,250,12008,16,18,2620,2280,602,244,,,
"08/1977",11718,16,34,2622,2258,416,208,11528,16,34,2598,2224,416,202,,,
"09/1977",10670,18,24,2310,2018,346,176,10430,18,24,2278,1972,346,176,,,
"10/1977",11464,24,34,2594,2320,294,186,11248,24,32,2570,2296,294,180,,,
"11/1977",10518,16,18,2364,2246,196,194,10346,16,18,2344,2200,196,192,,,
"12/1977",10698,10,16,2502,2182,130,200,10556,10,14,2480,2156,130,200,,,
"01/1978",7140,10,12,1638,1446,94,112,7010,10,12,1620,1438,94,110,,,
"02/1978",6914,10,8,1480,1460,116,128,6748,10,8,1466,1450,116,126,,,
"03/1978",9068,6,12,2034,1790,158,196,8936,6,12,2030,1774,158,192,,,
"04/1978",9946,10,16,2280,2006,312,156,9788,10,16,2272,1982,312,156,,,
"05/1978",11122,8,18,2402,1952,456,194,10908,8,18,2396,1928,456,190,,,
"06/1978",11918,14,18,2490,2246,510,220,11664,14,18,2474,2216,510,220,,,
"07/1978",12576,18,16,2670,2276,566,226,12250,18,16,2652,2230,562,226,,,
"08/1978",12632,8,24,2794,2290,548,236,12404,8,24,2782,2268,548,234,,,
"09/1978",12204,14,20,2790,2358,458,210,11972,14,20,2770,2328,458,210,,,
"10/1978",12038,14,32,2754,2424,310,226,11788,14,32,2730,2392,310,224,,,
"11/1978",11308,22,18,2576,2304,228,258,11140,22,18,2560,2296,226,254,,,
"12/1978",11422,12,16,2658,2324,202,258,11214,12,16,2646,2308,202,252,,,
"01/1979",8192,22,8,1778,1590,122,192,8080,22,8,1774,1582,122,192,,,
"02/1979",8318,20,12,1854,1704,122,196,8194,20,12,1846,1686,122,196,,,
"03/1979",10402,16,12,2380,1958,264,242,10254,16,12,2374,1948,264,236,,,
"04/1979",10404,12,18,2400,1898,350,230,10258,12,18,2392,1880,350,228,,,
"05/1979",10982,10,18,2358,1980,478,218,10802,10,18,2346,1962,478,216,,,
"06/1979",11226,8,32,2254,2038,524,226,10968,8,32,2240,2018,520,224,,,
"07/1979",11802,14,24,2418,2090,516,234,11596,14,24,2406,2064,516,230,,,
"08/1979",11882,20,24,2460,2248,542,280,11716,20,24,2436,2230,542,280,,,
"09/1979",11684,14,26,2628,2252,430,266,11556,14,26,2616,2234,430,264,,,
"10/1979",11750,18,18,2722,2182,276,212,11590,18,18,2716,2160,276,212,,,
"11/1979",11124,6,12,2532,2168,198,248,10958,6,12,2516,2150,198,246,,,
"12/1979",11758,18,34,2722,2340,220,272,11632,18,34,2706,2330,220,268,,,
"01/1980",8668,16,16,1920,1794,128,214,8600,16,16,1916,1784,128,212,,,
"02/1980",8194,2,6,1874,1560,166,192,8126,2,6,1872,1556,166,192,,,
"03/1980",9070,10,20,2032,1768,218,222,8994,10,20,2024,1758,218,222,,,
"04/1980",9452,10,10,1920,1806,344,248,9358,10,10,1920,1792,342,246,,,
"05/1980",11248,12,30,2376,2042,522,300,11146,12,30,2368,2034,522,300,,,
"06/1980",11972,14,38,2546,2168,536,262,11860,14,38,2534,2156,536,262,,,
"07/1980",11902,14,30,2496,2074,580,314,11788,14,30,2486,2062,580,312,,,
"08/1980",13202,26,42,2934,2246,590,352,13070,26,42,2930,2222,590,350,,,
"09/1980",11112,10,32,2494,2004,458,278,11004,10,32,2482,1990,458,278,,,
"10/1980",10898,24,22,2382,2050,286,322,10790,24,22,2372,2040,286,322,,,
"11/1980",10608,6,20,2362,2050,228,310,10534,6,20,2358,2046,228,308,,,
"12/1980",10644,36,20,2448,2040,172,282,10586,36,20,2444,2032,172,280,,,
"01/1981",9080,16,30,2096,1756,158,250,8888,16,30,2064,1732,154,250,,,
"02/1981",8682,18,30,1876,1672,208,268,8556,18,30,1852,1654,206,268,,,
"03/1981",9312,8,14,2076,1786,278,316,9174,8,12,2064,1766,272,314,,,
"04/1981",9872,8,14,2166,1772,346,282,9708,8,12,2154,1752,342,280,,,
"05/1981",10690,16,12,2212,1908,382,276,10528,16,12,2200,1892,378,276,,,
"06/1981",11108,14,38,2244,1860,442,320,10904,14,38,2222,1840,436,318,,,
"07/1981",11952,26,36,2446,1998,570,316,11728,26,36,2424,1982,560,314,,,
"08/1981",12442,20,28,2450,2190,592,384,12218,20,26,2434,2170,588,384,,,
"09/1981",10852,14,24,2156,2006,482,318,10660,14,24,2144,1984,476,316,,,
"10/1981",10900,28,22,2424,2008,298,318,10734,28,22,2402,1994,294,318,,,
"11/1981",10162,16,16,2260,1928,240,350,10008,16,16,2234,1906,240,350,,,
"12/1981",10346,16,22,2260,1974,200,354,10222,16,22,2256,1956,200,350,,,
"01/1982",7652,6,14,1702,1412,156,244,7542,6,14,1700,1412,156,244,,,
"02/1982",7282,12,18,1580,1254,194,252,7202,12,18,1580,1254,194,252,,,
"03/1982",8612,26,24,1820,1550,244,258,8514,26,24,1820,1550,244,258,,,
"04/1982",9158,10,28,1974,1562,294,296,9080,10,28,1974,1562,294,296,,,
"05/1982",9886,6,20,2024,1612,478,310,9776,6,20,2020,1612,478,310,,,
"06/1982",9872,20,30,2080,1690,410,280,9750,20,30,2080,1690,410,280,,,
"07/1982",10698,8,46,2130,1798,474,286,10532,8,46,2130,1798,474,286,,,
"08/1982",10696,18,24,2124,1888,498,306,10554,18,24,2122,1886,498,306,,,
"09/1982",10006,22,34,2176,1702,390,280,9892,22,34,2176,1702,390,280,,,
"10/1982",10364,14,26,2234,1868,306,288,10242,14,26,2234,1868,306,288,,,
"11/1982",9114,8,18,1948,1592,198,316,9006,8,18,1948,1590,198,316,,,
"12/1982",9570,16,28,2100,1728,218,316,9454,16,28,2100,1728,218,316,,,
"01/1983",7440,14,16,1546,1436,198,264,7346,14,16,1546,1434,198,264,,,
"02/1983",7056,14,18,1554,1308,172,256,6966,14,18,1552,1306,172,256,,,
"03/1983",7848,16,30,1614,1514,196,314,7758,16,30,1614,1514,196,314,,,
"04/1983",8428,4,24,1798,1530,312,278,8304,4,24,1798,1530,312,278,,,
"05/1983",9382,16,24,1884,1614,410,294,9282,16,24,1884,1608,410,290,,,
"06/1983",9546,8,28,1908,1688,426,292,9460,8,28,1908,1686,426,290,,,
"07/1983",10548,16,32,2152,1816,562,360,10380,16,32,2150,1814,562,360,,,
"08/1983",10620,26,22,2150,1804,550,320,10498,26,22,2150,1802,550,318,,,
"09/1983",10282,16,26,2018,1730,464,348,10140,16,26,2018,1730,464,348,,,
"10/1983",10244,24,18,2262,1704,368,340,10106,24,18,2262,1704,368,340,,,
"11/1983",9386,26,16,1994,1742,230,330,9262,26,16,1992,1740,230,330,,,
"12/1983",9432,24,12,1998,1598,238,398,9314,24,12,1998,1596,238,396,,,
"01/1984",7586,10,14,1530,1450,206,278,7498,10,14,1530,1450,206,278,,,
"02/1984",7416,18,18,1562,1292,234,244,7362,18,18,1562,1292,234,244,,,
"03/1984",8610,18,22,1772,1510,300,332,8544,18,22,1772,1510,300,332,,,
"04/1984",8470,10,22,1672,1456,308,334,8398,10,22,1672,1456,308,332,,,
"05/1984",9878,14,30,1852,1790,500,318,9784,14,30,1850,1790,500,318,,,
"06/1984",10776,16,28,2012,1818,558,358,10706,16,28,2012,1818,558,358,,,
"07/1984",10972,18,28,2086,1874,568,412,10892,18,28,2086,1874,568,412,,,
"08/1984",11124,20,26,2092,1768,638,382,11010,20,26,2092,1766,638,380,,,
"09/1984",10718,16,34,2178,1784,578,390,10622,16,34,2178,1784,578,390,,,
"10/1984",10576,14,24,2126,1810,398,342,10494,14,24,2126,1808,398,342,,,
"11/1984",9834,16,30,2036,1888,268,336,9736,16,30,2036,1888,268,336,,,
"12/1984",9984,28,10,2016,1780,360,380,9882,28,10,2016,1780,360,380,,,
"01/1985",8092,14,20,1654,1438,176,330,8026,14,20,1652,1438,176,330,,,
"02/1985",7320,14,24,1552,1334,220,322,7242,14,24,1552,1334,220,322,,,
"03/1985",8614,22,18,1796,1398,374,346,8540,22,18,1796,1398,374,346,,,
"04/1985",9220,14,32,1886,1574,494,338,9154,14,32,1884,1574,494,338,,,
"05/1985",10412,18,26,2020,1762,590,426,10356,18,26,2020,1762,590,426,,,
"06/1985",10958,12,32,2208,1762,622,378,10888,12,32,2208,1762,620,378,,,
"07/1985",10780,16,28,2118,1700,692,390,10694,16,28,2118,1700,692,390,,,
"08/1985",11314,24,38,2172,1892,590,462,11220,24,38,2170,1892,588,462,,,
"09/1985",10068,12,22,2070,1882,488,388,9992,12,22,2068,1878,488,386,,,
"10/1985",10240,14,44,2108,1824,428,422,10150,14,44,2108,1824,428,422,,,
"11/1985",10158,12,28,2076,1864,308,428,10056,12,28,2074,1860,308,428,,,
"12/1985",9366,18,24,1916,1754,238,338,9262,18,24,1916,1754,238,336,,,
"01/1986",8254,8,22,1776,1444,226,368,8170,8,22,1776,1444,226,366,,,
"02/1986",7296,10,20,1544,1306,218,316,7248,10,20,1544,1306,218,316,,,
"03/1986",8990,16,16,1798,1566,356,412,8918,16,16,1798,1564,354,412,,,
"04/1986",9142,28,34,1914,1646,406,384,9078,28,34,1914,1646,406,384,,,
"05/1986",10806,18,42,2090,1900,540,452,10694,18,42,2090,1900,536,452,,,
"06/1986",11232,20,28,2144,1944,602,402,11122,20,28,2144,1944,598,402,,,
"07/1986",11542,24,38,2180,1906,704,448,11458,24,38,2180,1906,704,448,,,
"08/1986",12368,28,20,2426,2050,636,482,12272,28,20,2426,2046,636,480,,,
"09/1986",10596,20,34,2086,1748,488,436,10512,20,34,2086,1746,488,436,,,
"10/1986",10922,20,32,2190,1908,386,500,10842,20,32,2190,1908,386,500,,,
"11/1986",10300,18,34,2106,1786,384,446,10222,18,34,2102,1786,384,446,,,
"12/1986",10136,10,20,2042,1810,314,430,10060,10,20,2042,1810,314,428,,,
"01/1987",8314,20,34,1712,1474,238,352,8236,20,34,1712,1474,238,352,,,
"02/1987",7734,18,20,1624,1420,244,300,7684,18,20,1624,1420,244,300,,,
"03/1987",8892,14,20,1824,1470,338,450,8844,14,20,1824,1470,338,450,,,
"04/1987",9278,24,32,1904,1520,412,416,9214,24,32,1902,1518,412,416,,,
"05/1987",10670,24,40,2024,1774,584,478,10588,24,40,2022,1774,584,478,,,
"06/1987",11024,22,36,2144,1822,574,390,10944,22,36,2144,1822,574,390,,,
"07/1987",11324,14,26,2090,1932,612,510,11252,14,26,2090,1932,612,510,,,
"08/1987",12316,22,42,2456,2168,596,488,12228,22,42,2456,2168,596,486,,,
"09/1987",10970,20,48,2204,1912,514,506,10896,20,48,2204,1912,514,506,,,
"10/1987",11780,34,38,2390,2120,486,514,11690,34,38,2390,2120,484,514,,,
"11/1987",10692,14,46,2268,1988,350,458,10614,14,46,2266,1988,350,458,,,
"12/1987",10678,14,28,2170,1960,338,496,10590,14,28,2168,1960,338,496,,,
"01/1988",8550,22,28,1728,1544,214,386,8470,22,28,1728,1544,214,386,,,
"02/1988",8082,22,34,1664,1378,274,410,8028,22,34,1664,1378,274,410,,,
"03/1988",9260,16,42,1804,1740,348,432,9224,16,42,1804,1740,348,432,,,
"04/1988",9808,26,38,2012,1734,428,420,9772,26,38,2012,1734,428,420,,,
"05/1988",10644,18,38,2022,1928,510,488,10592,18,38,2022,1928,510,488,,,
"06/1988",11136,10,48,2178,1984,542,472,11100,10,48,2178,1984,542,472,,,
"07/1988",11648,12,40,2296,2062,524,494,11574,12,40,2294,2058,524,494,,,
"08/1988",11734,20,52,2318,1950,600,572,11682,20,52,2318,1950,600,572,,,
"09/1988",11228,26,34,2340,2004,506,478,11142,26,34,2338,2002,506,478,,,
"10/1988",11568,26,34,2242,2176,436,520,11502,26,34,2242,2176,436,518,,,
"11/1988",10454,20,40,2198,1918,342,482,10410,20,40,2198,1918,342,482,,,
"12/1988",11294,24,50,2278,1984,308,578,11232,24,50,2278,1984,308,578,,,
"01/1989",9020,28,26,1754,1622,288,432,8942,28,26,1754,1622,288,432,,,
"02/1989",7982,12,20,1618,1446,238,428,7934,12,20,1618,1444,238,428,,,
"03/1989",9470,10,28,1870,1640,358,492,9420,10,28,1870,1640,358,490,,,
"04/1989",9576,8,40,1848,1784,402,444,9538,8,40,1848,1784,402,444,,,
"05/1989",10170,8,50,2014,1824,490,530,10118,8,50,2014,1824,490,530,,,
"06/1989",10364,10,40,2010,1844,446,490,10282,10,40,2010,1844,446,488,,,
"07/1989",11218,18,48,2158,1914,576,514,11152,18,48,2158,1914,576,514,,,
"08/1989",11042,8,26,2152,1946,500,538,10974,8,26,2150,1946,500,538,,,
"09/1989",10886,12,46,2242,1978,464,524,10816,12,46,2240,1976,464,522,,,
"10/1989",11154,24,18,2202,1964,416,542,11074,24,18,2202,1964,416,542,,,
"11/1989",9886,18,34,1922,1858,346,498,9798,18,34,1920,1858,346,498,,,
"12/1989",10972,10,44,2118,2074,360,542,10892,10,44,2118,2074,360,542,,,
"01/1990",8770,24,26,1762,1666,248,490,8698,24,26,1762,1666,248,490,,,
"02/1990",7910,14,24,1480,1436,250,384,7858,14,24,1480,1436,250,384,,,
"03/1990",9364,18,26,1876,1704,368,502,9306,18,26,1876,1704,368,502,,,
"04/1990",9296,14,20,1810,1650,408,422,9238,14,20,1808,1648,408,422,,,
"05/1990",10112,16,54,1942,1812,428,476,10040,16,54,1942,1812,428,472,,,
"06/1990",10726,14,34,2034,1840,530,544,10678,14,34,2034,1840,530,544,,,
"07/1990",11324,26,66,2302,2058,574,590,11234,26,66,2302,2056,574,588,,,
"08/1990",11130,20,34,2164,1964,544,532,11068,20,34,2164,1964,544,532,,,
"09/1990",10544,14,40,1928,1836,514,470,10472,14,40,1926,1836,514,470,,,
"10/1990",10176,24,34,1926,1892,390,610,10118,24,34,1924,1892,390,608,,,
"11/1990",9656,20,42,1858,1772,372,486,9602,20,42,1858,1772,372,484,,,
"12/1990",9576,14,48,1858,1764,330,576,9510,14,48,1858,1760,330,576,,,
"01/1991",7338,8,28,1386,1426,192,374,4308,8,28,804,650,152,228,72,,20
"02/1991",7294,8,38,1434,1378,188,422,4318,8,36,822,674,138,266,90,,28
"03/1991",8494,18,26,1706,1474,282,508,5128,18,24,956,732,180,326,138,2,48
"04/1991",8142,8,24,1686,1498,354,420,4716,8,24,1002,690,186,264,226,,98
"05/1991",9586,10,36,1826,1764,482,506,5446,10,32,998,894,224,354,428,2,156
"06/1991",10136,26,32,2008,1834,540,462,5562,26,30,1114,844,232,274,444,,180
"07/1991",10310,20,40,1964,1818,486,548,5552,20,34,1032,808,210,322,510,2,172
"08/1991",10732,14,30,2066,1912,498,554,5924,14,24,1146,870,238,356,514,4,162
"09/1991",9620,8,38,1924,1702,412,476,5410,8,30,1078,806,202,284,386,8,132
"10/1991",9762,4,40,1964,1784,358,492,5500,4,34,1144,852,232,310,284,2,88
"11/1991",9472,32,30,1814,1764,316,530,5630,32,30,1008,822,246,348,162,,52
"12/1991",8704,24,32,1684,1726,278,476,5268,24,28,938,886,224,276,106,2,34
"01/1992",7598,10,24,1526,1370,216,428,4496,10,24,844,670,176,268,116,,34
"02/1992",7178,14,38,1450,1314,238,368,4280,14,34,826,606,194,226,122,4,22
"03/1992",7432,12,12,1578,1282,286,384,4420,12,12,926,676,198,226,208,,64
"04/1992",7762,8,26,1536,1354,314,382,4388,8,22,800,664,180,232,312,4,102
"05/1992",9096,22,46,1790,1512,410,424,5158,22,36,1040,694,216,302,484,2,132
"06/1992",9510,14,48,1872,1668,436,454,5228,14,40,996,790,204,310,504,6,186
"07/1992",9340,8,32,1726,1736,382,474,5128,8,26,946,814,182,302,410,,122
"08/1992",9832,18,44,1922,1818,424,492,5462,18,28,1052,868,216,296,498,6,154
"09/1992",8694,10,30,1806,1602,368,422,4704,10,24,936,708,192,248,386,6,120
"10/1992",10104,8,28,2060,1766,402,512,5788,8,26,1110,848,274,346,306,,78
"11/1992",8796,8,18,1710,1646,362,474,5238,8,16,936,730,254,314,192,,70
"12/1992",9112,14,46,1702,1776,312,518,5434,14,42,948,824,268,314,96,,26
"01/1993",7498,16,40,1502,1374,240,368,4410,16,40,844,642,192,254,134,,46
"02/1993",6994,6,18,1322,1234,234,390,4148,6,18,780,590,194,252,142,,36
"03/1993",7946,14,30,1496,1410,260,400,4578,14,28,832,640,198,254,234,2,56
"04/1993",8102,16,26,1500,1458,334,416,4578,16,24,856,674,176,282,430,2,148
"05/1993",9308,12,34,1826,1674,398,508,5188,12,32,966,720,218,312,606,2,170
"06/1993",9070,12,66,1708,1614,404,522,4946,12,54,876,708,232,348,560,12,156
"07/1993",10202,10,36,1938,1820,492,498,5494,10,30,1020,834,274,286,736,6,202
"08/1993",10268,8,36,1958,1734,486,564,5412,8,28,1086,736,252,356,726,8,218
"09/1993",9548,10,38,1820,1706,420,474,5122,10,30,954,756,238,306,616,8,174
"10/1993",10300,22,44,1900,1918,392,568,5994,22,36,1088,926,266,358,418,8,110
"11/1993",9292,20,46,1722,1794,332,456,5308,20,44,868,808,272,280,212,2,54
"12/1993",9026,12,30,1764,1764,260,520,5338,12,30,1002,850,218,346,130,,38
"01/1994",7634,6,26,1524,1476,254,420,4264,6,26,760,694,194,256,132,,52
"02/1994",7102,6,26,1344,1340,264,422,3926,6,22,652,594,212,272,156,4,50
"03/1994",8116,12,36,1608,1456,324,418,4602,12,34,870,688,232,254,288,2,84
"04/1994",8720,10,22,1714,1558,378,456,4838,10,20,916,730,240,288,416,2,130
"05/1994",9298,14,36,1698,1740,406,474,5078,14,34,850,816,234,308,578,2,150
"06/1994",9214,16,36,1654,1668,480,484,4906,16,32,846,750,284,306,548,4,182
"07/1994",10052,22,48,1912,1866,460,524,5336,22,32,950,760,256,360,700,16,190
"08/1994",10228,4,44,1818,1882,474,574,5484,4,34,892,836,272,382,588,10,190
"09/1994",9624,4,48,1820,1784,468,496,5208,4,34,958,760,290,320,504,14,160
"10/1994",10372,16,38,2012,1960,412,546,5692,16,32,1034,844,292,340,440,6,114
"11/1994",9506,10,22,1748,1868,338,528,5364,10,20,894,898,288,328,186,2,46
"12/1994",9956,16,42,1928,1852,362,540,5850,16,40,1054,862,308,346,144,2,50
"01/1995",8298,12,38,1644,1602,244,424,4634,12,32,866,730,198,258,110,4,36
"02/1995",7494,16,18,1464,1444,280,452,4358,16,16,826,668,238,286,142,2,38
"03/1995",8682,10,34,1646,1672,346,470,4846,10,30,820,770,262,284,250,4,78
"04/1995",8582,8,36,1660,1636,388,460,4840,8,34,882,716,258,306,366,2,122
"05/1995",9058,12,36,1664,1746,424,474,4932,12,36,852,778,246,306,528,,162
"06/1995",9842,14,50,1852,1700,436,554,5206,14,44,914,746,246,336,586,6,172
"07/1995",10122,14,44,1850,1860,492,572,5360,14,34,878,808,266,356,618,10,210
"08/1995",10852,6,52,1950,2002,562,618,5728,6,44,936,846,360,374,648,6,186
"09/1995",10194,18,26,1928,1862,442,514,5498,18,20,972,792,284,312,504,6,150
"10/1995",10590,20,36,2162,2014,452,526,5672,20,30,1048,878,296,328,440,6,140
"11/1995",9630,12,32,1728,1882,376,534,5360,12,32,820,818,318,322,190,,46
"12/1995",9704,18,48,1850,1854,368,542,5450,18,46,938,754,322,334,150,2,40
"01/1996",8414,6,40,1560,1682,300,432,4452,6,36,710,738,252,254,152,4,44
"02/1996",8074,8,36,1504,1512,274,398,4400,8,30,756,604,222,250,162,6,44
"03/1996",8764,12,24,1650,1642,322,498,4814,12,24,804,734,244,306,212,,68
"04/1996",8952,22,36,1638,1716,376,464,4986,22,30,858,756,272,312,370,6,100
"05/1996",9318,8,34,1746,1718,436,482,4938,8,30,834,744,280,302,490,4,142
"06/1996",10228,10,50,1826,1826,470,578,5194,10,44,868,764,268,338,674,6,172
"07/1996",9590,6,42,1790,1814,446,510,4998,6,38,858,798,260,288,514,4,170
"08/1996",10570,8,32,1974,2008,484,496,5374,8,24,940,848,292,318,628,8,168
"09/1996",9874,8,34,1864,1812,474,570,5284,8,28,940,796,290,360,494,6,160
"10/1996",10606,12,48,1970,1950,486,558,5732,12,38,1030,848,350,390,386,10,124
"11/1996",10102,16,42,1970,1870,404,536,5590,16,40,946,768,348,320,144,2,46
"12/1996",10202,14,36,1904,1946,390,578,5732,14,36,898,890,350,366,118,,34
"01/1997",8752,10,56,1622,1672,276,498,4830,10,56,848,714,250,276,104,,26
"02/1997",7720,8,26,1404,1546,324,454,4186,8,20,714,650,262,294,164,6,50
"03/1997",8576,12,34,1558,1622,392,476,4632,12,26,752,688,316,310,268,8,64
"04/1997",8734,4,36,1584,1690,354,468,4652,4,32,804,698,272,294,326,2,74
"05/1997",10174,12,34,1794,2018,480,564,5328,12,32,870,868,298,342,484,2,148
"06/1997",9908,4,34,1732,1858,514,538,5036,4,22,830,776,324,344,604,12,168
"07/1997",10252,8,36,1878,2010,542,496,5244,8,32,874,828,322,316,582,4,194
"08/1997",10578,4,38,1956,2038,532,538,5394,4,34,966,798,334,320,574,4,170
"09/1997",9432,4,30,1790,1708,442,474,4762,4,24,792,728,298,284,464,6,118
"10/1997",10318,,48,1928,1938,436,532,5388,,42,962,846,306,330,430,6,112
"11/1997",9600,14,42,1798,1914,368,524,5132,14,42,836,796,314,316,182,,40
"12/1997",10076,18,36,1828,2008,338,524,5544,18,36,930,904,296,296,126,,28
"01/1998",8510,4,44,1534,1616,288,454,4514,4,42,754,652,260,280,124,2,18
"02/1998",7700,16,32,1372,1530,316,458,4194,16,30,664,638,248,290,146,2,54
"03/1998",8508,8,36,1504,1666,324,406,4478,8,26,716,680,244,254,216,10,68
"04/1998",8524,2,38,1532,1646,398,450,4446,2,36,688,706,286,292,354,2,96
"05/1998",9540,10,42,1696,1810,450,522,4798,10,34,792,768,286,300,558,8,152
"06/1998",9544,12,24,1640,1892,446,454,4680,12,20,778,712,280,250,508,4,142
"07/1998",10430,10,52,1782,2016,540,518,5144,10,44,824,796,318,312,714,8,202
"08/1998",10946,12,42,1950,2110,512,606,5358,12,30,910,818,344,328,668,12,142
"09/1998",9826,4,38,1766,1876,540,448,4848,4,36,828,738,342,264,538,2,164
"10/1998",10144,6,48,1794,1944,458,472,5192,6,42,818,838,330,282,430,6,110
"11/1998",9662,10,42,1720,1812,434,566,5046,10,40,720,754,366,344,242,2,58
"12/1998",10510,10,40,2012,2138,362,498,5402,10,34,946,836,306,314,162,6,40
"01/1999",7834,8,30,1450,1516,336,412,4024,8,30,644,610,284,256,114,,34
"02/1999",7424,8,38,1282,1474,308,426,3828,8,34,596,594,254,256,180,4,34
"03/1999",8686,8,26,1678,1630,358,516,4464,8,26,808,666,276,336,278,,72
"04/1999",8588,4,38,1464,1644,394,456,4252,4,28,700,628,244,288,428,10,118
"05/1999",9988,10,34,1732,1892,492,482,4928,10,32,776,736,318,288,562,2,146
"06/1999",9636,2,32,1698,1832,446,442,4652,2,24,780,722,266,268,626,8,152
"07/1999",10288,14,48,1710,2010,498,480,4766,14,44,748,768,290,284,706,4,180
"08/1999",10722,12,52,1828,2136,556,496,4992,12,44,830,754,338,300,700,8,176
"09/1999",10050,2,46,1696,1934,482,536,4728,2,42,704,716,298,342,582,4,144
"10/1999",10564,10,60,1912,2150,502,544,5126,10,50,816,860,356,328,468,10,120
"11/1999",9876,10,46,1810,1918,452,522,5052,10,44,848,758,364,302,270,2,70
"12/1999",9984,6,52,1782,2076,452,520,5236,6,50,858,866,386,298,136,2,34
"01/2000",4402,5,19,791,866,170,231,2129,5,18,342,312,135,137,80,1,21
"02/2000",3904,2,16,688,808,185,202,1930,2,16,294,319,147,108,90,,28
"03/2000",4369,3,14,748,832,196,212,2119,3,11,345,316,145,136,199,3,38
"04/2000",4639,7,24,802,935,261,233,2332,7,20,357,354,185,156,248,4,62
"05/2000",4863,6,19,795,894,258,239,2295,6,17,321,321,173,152,329,2,73
"06/2000",5027,5,25,804,911,285,250,2319,5,22,359,328,164,149,400,3,103
"07/2000",5344,5,17,911,1008,288,277,2522,5,17,409,386,168,168,401,,105
"08/2000",5289,4,25,853,1016,285,272,2427,4,21,370,371,171,153,428,4,95
"09/2000",5137,2,23,850,956,241,273,2424,2,17,369,378,157,161,347,6,71
"10/2000",5178,4,21,854,977,266,258,2540,4,19,376,368,199,169,251,2,52
"11/2000",4625,3,25,799,865,214,272,2362,3,22,364,313,179,175,119,1,17
"12/2000",4817,4,25,804,966,219,274,2378,4,22,341,373,186,168,82,3,20
"01/2001",4117,2,19,707,795,186,198,2067,2,17,306,306,148,135,73,2,25
"02/2001",3956,4,24,676,745,186,230,1975,4,24,292,279,153,149,97,,27
"03/2001",4311,5,24,762,813,187,216,2131,5,20,322,316,149,148,156,4,30
"04/2001",4526,4,19,776,832,225,250,2194,4,16,353,323,152,166,308,3,58
"05/2001",5028,10,20,801,924,284,276,2306,10,14,316,352,187,158,357,4,82
"06/2001",4873,4,23,850,896,294,256,2246,4,19,345,309,164,158,402,4,92
"07/2001",5229,3,24,878,997,327,264,2398,3,17,379,367,197,167,441,7,109
"08/2001",5373,6,20,888,996,297,282,2471,6,15,366,361,169,191,425,4,102
"09/2001",4930,6,20,782,940,274,250,2275,6,16,337,353,161,158,388,4,90
"10/2001",5304,7,27,857,974,287,258,2524,7,22,335,353,209,164,271,5,57
"11/2001",5104,4,24,905,972,261,273,2440,4,22,341,388,188,166,200,2,47
"12/2001",5167,5,27,930,1007,273,304,2561,5,22,373,388,209,187,142,4,40
"01/2002",4567,5,20,789,880,231,242,2256,5,16,338,328,185,151,102,2,23
"02/2002",4034,2,24,719,766,194,242,1974,2,22,296,279,153,153,127,2,24
"03/2002",4727,4,20,790,919,255,251,2284,4,19,332,336,195,158,184,1,40
"04/2002",4455,3,24,743,844,240,222,2142,3,18,317,357,170,140,259,4,56
"05/2002",5008,5,22,795,923,296,268,2317,5,16,314,354,181,164,374,5,97
"06/2002",5155,7,21,799,949,312,264,2291,7,16,304,324,177,153,451,4,112
"07/2002",5262,3,29,871,986,321,275,2369,3,23,343,354,187,158,431,6,103
"08/2002",5314,6,22,863,954,353,288,2310,6,19,316,324,201,167,482,2,117
"09/2002",5109,2,28,845,949,291,265,2330,2,24,352,301,174,176,431,4,94
"10/2002",5154,2,28,865,955,237,270,2406,2,24,335,360,159,162,249,1,54
"11/2002",4796,5,19,822,887,243,310,2313,5,17,343,302,177,183,178,1,45
"12/2002",4845,9,21,826,918,217,293,2383,9,20,348,326,174,183,93,1,19
"01/2003",4167,2,18,698,815,188,249,1947,2,18,263,271,151,149,85,,15
"02/2003",3809,2,9,626,748,201,220,1778,2,7,253,268,155,139,98,,30
"03/2003",4370,3,22,732,823,230,250,2042,3,19,303,288,161,161,216,3,50
"04/2003",4812,7,23,809,920,316,228,2194,7,16,324,327,205,146,376,7,86
"05/2003",4924,6,25,801,903,269,259,2250,6,23,330,335,160,162,373,2,76
"06/2003",5126,8,23,823,905,300,274,2253,8,21,333,319,179,172,460,1,97
"07/2003",5373,3,30,842,943,321,290,2276,3,21,326,330,183,163,509,8,103
"08/2003",5574,7,36,909,1009,364,280,2390,7,31,327,344,225,154,536,4,106
"09/2003",5070,9,27,755,925,302,291,2222,9,22,281,314,181,189,472,4,94
"10/2003",5482,5,32,891,1062,309,280,2460,5,25,334,372,203,182,351,4,68
"11/2003",5279,6,28,830,983,305,297,2522,6,27,324,327,228,188,198,1,48
"12/2003",4891,6,24,809,957,219,311,2236,6,22,281,306,169,183,128,2,25
"01/2004",4505,9,16,722,841,229,260,2075,9,15,275,312,178,158,125,1,23
"02/2004",4055,4,24,644,781,218,221,1929,4,23,246,278,161,134,145,1,36
"03/2004",4449,3,19,752,812,249,254,2033,3,16,308,271,165,169,270,1,61
"04/2004",4683,5,25,710,866,274,238,2086,5,20,278,274,169,152,366,5,79
"05/2004",5152,4,25,819,894,312,273,2203,4,23,307,314,179,155,469,1,97
"06/2004",5145,7,22,793,957,323,273,2131,7,17,298,295,186,166,480,3,106
"07/2004",5294,4,32,819,887,373,266,2182,4,25,308,280,209,146,576,7,126
"08/2004",5419,7,30,787,974,376,293,2199,7,24,278,313,208,166,549,6,130
"09/2004",4910,6,23,784,836,304,268,2032,6,13,301,265,174,152,464,8,111
"10/2004",5231,10,23,826,921,327,323,2283,10,19,317,281,217,177,349,3,77
"11/2004",4849,5,24,799,903,261,289,2224,5,21,301,297,194,164,191,2,40
"12/2004",5037,7,11,827,943,274,287,2311,7,9,317,329,205,177,136,1,34
"01/2005",4298,5,16,711,784,231,244,1968,5,14,261,271,173,148,148,1,27
"02/2005",4011,4,22,651,757,223,212,1812,4,19,240,245,165,134,130,1,26
"03/2005",4411,10,21,680,769,249,249,1959,10,18,260,260,178,149,239,3,45
"04/2005",4914,7,28,758,824,312,253,2054,7,24,278,263,196,141,446,2,98
"05/2005",5019,5,40,752,911,332,275,2084,5,27,253,293,186,160,487,10,107
"06/2005",5186,3,23,819,871,340,323,2086,3,18,311,252,191,186,527,4,111
"07/2005",5683,9,31,885,959,363,303,2285,9,25,306,295,191,181,622,3,115
"08/2005",5282,8,31,789,911,350,285,2171,8,23,296,310,185,175,579,5,126
"09/2005",5081,3,39,706,914,344,270,2034,3,25,262,273,184,170,609,14,126
"10/2005",5504,10,28,888,995,329,296,2314,10,22,335,323,216,176,458,5,83
"11/2005",5212,5,38,839,935,313,296,2266,5,33,293,299,207,164,291,4,63
"12/2005",4894,8,27,787,950,258,296,2141,8,24,261,278,200,175,146,2,25
"01/2006",4411,5,32,703,788,238,265,1960,5,30,253,255,166,164,191,1,40
"02/2006",4047,5,17,672,701,221,264,1778,5,15,260,215,166,155,161,1,32
"03/2006",4612,6,32,730,793,277,258,1999,6,27,253,256,190,146,297,2,51
"04/2006",4658,7,22,693,763,328,261,1906,7,15,250,242,181,166,493,5,100
"05/2006",5117,8,43,716,851,359,282,2116,8,33,258,282,216,178,575,8,105
"06/2006",5120,8,21,747,835,332,292,1994,8,15,269,252,165,162,589,6,119
"07/2006",5236,9,35,790,866,358,309,2066,9,23,285,275,183,179,652,9,127
"08/2006",5153,7,19,724,854,350,283,2064,7,16,281,253,188,163,613,2,119
"09/2006",4956,6,26,727,810,360,264,1997,6,19,259,259,180,155,555,6,126
"10/2006",5235,6,38,803,931,321,325,2211,6,36,290,302,214,195,360,2,65
"11/2006",4793,11,30,756,857,264,309,2038,11,27,253,283,162,179,300,2,58
"12/2006",4756,8,33,752,851,259,301,2134,8,30,272,280,199,179,176,1,36
"01/2007",4060,6,29,663,715,244,278,1791,6,24,232,232,171,167,138,2,35
"02/2007",3968,6,24,639,688,208,233,1730,6,21,232,230,159,137,151,2,27
"03/2007",4746,9,24,724,819,301,266,1927,9,18,274,248,193,165,392,2,68
"04/2007",4614,8,34,619,824,326,295,1960,8,28,236,259,188,195,438,3,106
"05/2007",4899,7,27,722,793,339,241,1923,7,21,246,279,167,150,646,3,136
"06/2007",4961,8,30,729,794,339,289,1939,8,23,259,252,179,169,626,5,118
"07/2007",5123,7,27,730,844,340,287,1933,7,17,246,249,160,171,686,9,139
"08/2007",5029,6,32,709,837,354,304,1909,6,25,212,267,179,169,660,6,138
"09/2007",4753,10,34,712,770,312,245,1808,10,20,263,234,155,161,635,11,114
"10/2007",4961,4,33,749,770,328,309,2022,4,27,282,233,188,201,489,3,96
"11/2007",4640,7,35,706,802,265,329,1981,7,28,239,255,175,181,268,3,51
"12/2007",4499,8,25,760,811,269,275,1940,8,23,262,260,181,156,176,2,38
"01/2008",3916,5,26,622,684,201,256,1786,5,22,236,232,151,159,148,1,24
"02/2008",3929,5,23,597,655,213,279,1714,5,19,237,222,154,172,193,,34
"03/2008",3834,11,25,616,679,218,240,1661,11,22,217,237,135,139,294,1,44
"04/2008",4021,2,32,559,675,300,241,1569,2,26,188,189,156,151,501,4,106
"05/2008",4329,7,26,607,691,312,270,1679,7,16,224,232,134,157,613,8,119
"06/2008",4487,8,28,655,693,370,262,1682,8,20,221,212,162,159,698,5,154
"07/2008",4422,6,21,621,640,332,229,1638,5,17,220,206,144,129,717,2,142
"08/2008",4663,9,33,624,727,343,279,1758,9,27,233,215,135,166,745,6,157
"09/2008",4185,5,40,564,605,280,256,1562,5,31,184,186,129,146,574,7,105
"10/2008",4512,8,31,641,694,295,287,1871,8,23,243,224,160,179,483,3,97
"11/2008",4151,8,34,680,715,237,263,1781,8,28,245,200,162,174,278,2,45
"12/2008",4211,3,32,701,736,240,267,1780,3,31,260,213,166,173,165,1,28
"01/2009",3565,5,33,577,639,204,270,1528,5,24,212,201,145,156,144,5,20
"02/2009",3171,5,23,496,546,201,197,1397,5,19,176,185,136,126,209,3,38
"03/2009",3459,5,26,569,554,213,244,1418,5,21,203,163,134,150,273,3,43
"04/2009",3930,8,35,577,607,229,278,1558,7,29,198,169,115,178,465,4,79
"05/2009",4100,8,34,607,651,326,238,1616,6,27,207,211,165,137,582,5,111
"06/2009",4013,9,25,590,627,302,265,1541,9,18,207,186,155,160,551,2,102
"07/2009",4083,7,27,589,655,294,263,1470,5,19,192,187,159,150,592,4,100
"08/2009",4196,7,28,612,630,313,242,1617,7,22,218,191,162,150,581,3,98
"09/2009",3869,3,31,556,610,256,245,1538,3,23,217,189,130,150,511,6,91
"10/2009",3857,8,20,618,665,255,252,1615,8,17,213,206,157,139,308,2,60
"11/2009",3720,9,21,562,625,243,272,1593,9,18,193,210,145,171,283,2,54
"12/2009",3577,8,27,562,622,185,263,1523,7,22,193,177,124,167,103,1,25
"01/2010",3107,5,26,451,544,177,218,1371,5,25,155,173,124,146,125,,16
"02/2010",2801,8,22,454,450,188,203,1211,8,17,157,146,136,121,110,4,18
"03/2010",3336,5,19,491,532,223,210,1434,5,17,166,167,140,149,265,,49
"04/2010",3804,5,42,518,601,273,274,1542,5,32,187,189,127,167,468,6,105
"05/2010",3956,7,27,572,559,298,265,1540,7,23,202,172,151,164,551,3,95
"06/2010",3821,3,20,574,613,285,237,1390,2,14,206,176,135,149,587,4,107
"07/2010",4200,5,45,610,616,317,264,1525,5,28,207,168,139,146,619,12,114
"08/2010",4183,6,32,593,621,270,271,1522,6,23,201,177,131,167,629,8,95
"09/2010",4094,10,29,556,673,263,257,1529,10,21,196,176,124,158,526,7,87
"10/2010",4136,4,35,626,624,288,260,1655,4,26,208,189,177,165,442,5,69
"11/2010",3854,4,25,566,652,233,274,1578,4,20,197,183,147,161,214,3,34
"12/2010",3570,9,21,567,617,218,253,1511,9,14,168,186,151,157,115,2,24
"01/2011",3076,6,27,474,517,213,222,1345,6,24,164,161,159,134,153,2,31
"02/2011",2868,3,22,441,467,175,215,1167,2,17,145,126,116,126,182,4,34
"03/2011",3311,5,28,507,527,197,253,1341,5,24,176,162,117,142,267,3,45
"04/2011",3508,2,28,523,547,243,228,1433,2,20,195,166,133,143,408,5,72
"05/2011",3744,10,32,531,567,254,237,1415,9,28,203,165,132,148,533,3,92
"06/2011",3937,7,18,554,569,300,236,1446,7,14,193,163,137,134,603,3,114
"07/2011",4232,11,26,571,636,358,272,1591,9,20,214,184,165,166,652,3,138
"08/2011",4109,7,25,604,580,306,262,1469,6,17,220,161,132,160,640,7,128
"09/2011",3824,5,32,505,607,262,244,1458,5,21,193,195,144,145,507,8,75
"10/2011",4194,6,31,587,632,278,280,1694,5,22,207,174,148,167,444,4,82
"11/2011",3692,11,38,535,568,218,305,1588,11,30,194,163,136,196,235,2,45
"12/2011",3624,8,20,545,589,222,286,1564,8,18,200,170,152,169,144,1,25
"01/2012",3330,4,31,526,555,188,255,1454,3,22,183,160,131,166,174,4,22
"02/2012",3189,7,23,480,529,206,230,1390,7,20,160,188,140,139,161,1,34
"03/2012",3678,17,24,530,516,265,247,1461,16,21,176,177,143,149,439,2,81
"04/2012",3548,3,26,498,524,268,214,1435,3,22,192,163,157,120,451,3,82
"05/2012",3966,6,36,579,607,309,242,1479,6,23,193,185,141,149,579,10,111
"06/2012",4131,12,45,576,570,316,258,1500,12,32,179,158,137,159,664,10,107
"07/2012",4164,12,24,594,656,307,265,1548,11,17,199,191,149,160,603,5,104
"08/2012",4258,9,31,575,617,309,296,1578,8,23,209,172,161,168,623,4,100
"09/2012",4074,5,36,572,586,259,285,1563,5,21,206,190,126,161,575,12,86
"10/2012",3997,11,30,590,598,260,291,1608,11,20,223,183,151,174,395,6,57
"11/2012",3853,12,23,588,608,230,275,1624,12,18,218,154,151,170,276,2,40
"12/2012",3772,9,32,606,606,243,302,1633,9,28,225,171,168,187,168,1,27
"01/2013",3416,5,25,522,523,217,267,1424,4,20,173,149,139,158,163,3,35
"02/2013",2845,6,23,428,453,183,221,1177,6,20,135,120,124,130,135,1,24
"03/2013",3552,9,41,487,545,223,279,1488,7,32,186,167,140,183,301,4,44
"04/2013",3464,15,30,453,528,258,273,1399,15,17,172,163,134,163,397,6,72
"05/2013",3817,8,35,528,547,298,274,1445,8,28,192,164,141,170,504,3,104
"06/2013",4009,12,34,519,596,297,285,1481,12,21,187,183,157,170,573,7,85
"07/2013",3933,17,42,573,524,291,241,1453,16,34,191,152,123,137,583,6,108
"08/2013",4304,18,34,558,583,347,305,1607,17,29,210,160,162,187,695,4,139
"09/2013",4106,13,39,533,588,316,286,1587,12,27,196,175,153,185,612,10,109
"10/2013",4135,7,33,617,609,269,285,1622,7,22,225,165,158,180,433,6,67
"11/2013",3803,6,29,571,590,253,260,1651,6,24,212,179,165,179,265,3,41
"12/2013",3717,10,32,593,550,197,330,1624,9,28,232,169,123,203,137,2,26
"01/2014",3260,10,26,459,528,183,269,1362,9,21,160,143,112,170,164,2,26
"02/2014",2802,8,21,432,451,184,236,1192,8,16,160,129,124,145,145,,25
"03/2014",3374,13,33,463,508,241,264,1379,11,23,165,142,144,169,279,3,46
"04/2014",3478,6,31,478,513,265,247,1395,6,21,175,158,141,141,389,5,71
"05/2014",3891,13,35,533,494,263,261,1507,13,24,177,175,132,166,564,5,83
"06/2014",3887,6,40,532,541,300,276,1395,6,28,187,151,136,177,621,7,101
"07/2014",4011,16,30,560,550,309,282,1476,16,24,197,158,144,168,590,4,93
"08/2014",4175,13,49,599,596,323,262,1587,11,35,190,203,171,160,585,10,93
"09/2014",3897,11,36,537,523,294,301,1480,9,21,187,155,141,195,522,10,91
"10/2014",4242,10,46,551,637,290,344,1720,9,31,214,189,180,202,422,5,61
"11/2014",4044,11,40,583,620,282,292,1715,9,30,203,182,189,184,243,3,39
"12/2014",3889,13,40,575,624,275,338,1688,12,32,196,206,173,197,181,3,31
"01/2015",3584,10,38,559,560,243,291,1557,7,36,192,168,163,170,167,1,33
"02/2015",3057,6,25,431,481,205,249,1280,4,21,154,147,127,159,152,2,26
"03/2015",3721,6,36,580,568,247,257,1537,6,23,213,147,146,167,320,9,55
"04/2015",3741,10,40,512,526,265,264,1489,9,30,190,143,149,166,430,8,61
"05/2015",4333,17,33,610,619,320,299,1689,15,25,220,191,168,178,575,6,85
"06/2015",4260,7,44,563,591,321,327,1639,7,27,223,170,164,204,585,13,99
"07/2015",4628,6,39,641,598,350,346,1714,4,28,232,158,161,211,666,7,117
"08/2015",4630,13,41,624,639,349,342,1728,9,24,222,195,170,182,647,11,113
"09/2015",4380,9,41,566,651,317,290,1715,5,32,213,183,165,194,560,8,93
"10/2015",4610,11,51,620,644,331,375,1849,11,35,245,195,176,231,493,7,74
"11/2015",4212,16,46,581,634,267,378,1775,12,37,206,199,162,218,269,3,52
"12/2015",4322,10,51,664,639,304,357,1846,10,43,244,218,186,210,266,3,47
"01/2016",3483,20,33,501,516,231,285,1521,16,27,167,176,149,162,160,4,24
"02/2016",3668,10,39,524,532,271,294,1587,7,34,202,174,180,177,243,1,43
"03/2016",4065,6,33,569,557,318,345,1709,5,22,218,191,186,211,346,4,60
"04/2016",4172,22,41,564,591,309,321,1649,19,29,186,170,157,195,472,8,77
"05/2016",4580,15,44,633,606,345,340,1750,10,35,232,163,178,199,634,7,102
"06/2016",4721,15,47,637,652,379,358,1809,14,32,230,182,202,207,617,8,102
"07/2016",4583,10,55,627,614,331,340,1711,8,33,226,173,181,207,653,11,81
"08/2016",4794,9,44,661,656,364,368,1812,6,34,236,185,186,218,635,9,104
"09/2016",4758,16,44,613,648,327,366,1773,16,26,212,178,159,210,630,14,103
"10/2016",4933,15,49,651,696,339,407,1978,12,36,241,208,189,241,537,8,77
"11/2016",4570,17,40,608,668,367,365,1927,14,33,211,198,226,218,344,3,54
"12/2016",4387,14,53,621,656,313,391,1853,11,42,215,182,190,239,193,3,34
"01/2017",3988,20,36,580,564,264,355,1734,14,27,200,174,176,220,195,,25
"02/2017",3487,12,35,543,454,251,276,1467,7,21,191,150,166,172,271,7,30
"03/2017",4183,10,45,566,611,281,324,1791,9,27,224,181,168,198,328,4,43
"04/2017",4257,10,45,554,582,298,349,1718,9,32,195,213,158,219,517,7,78
"05/2017",4523,14,44,622,590,357,373,1764,13,32,206,164,195,225,537,7,88
"06/2017",4752,16,48,630,667,369,367,1804,10,30,234,188,186,218,643,13,109
"07/2017",4980,18,57,663,683,387,338,1819,12,39,231,197,198,200,724,11,103
"08/2017",4515,11,49,584,624,336,357,1744,10,34,219,194,152,220,586,12,104
"09/2017",4874,13,51,589,625,382,410,1875,10,36,213,192,193,267,652,12,120
"10/2017",4726,16,37,604,677,326,394,1809,14,20,214,190,180,232,438,8,63
"11/2017",4441,13,50,597,680,299,428,1883,11,37,227,219,183,239,283,5,34
"12/2017",4402,6,48,632,675,306,371,1873,3,33,232,198,177,211,211,4,37
"01/2018",4056,17,46,578,599,298,370,1749,15,36,228,190,188,214,202,2,35
"02/2018",3547,9,37,467,479,256,317,1446,6,29,164,133,164,186,217,3,31
"03/2018",4084,15,37,604,607,280,337,1675,12,27,217,185,162,200,287,6,50
"04/2018",3985,6,38,536,568,289,340,1644,4,31,189,186,182,215,387,3,50
"05/2018",4598,6,43,567,608,332,370,1746,5,28,216,170,182,217,583,11,79
"06/2018",4648,11,44,581,612,345,372,1669,8,28,197,179,158,213,687,10,96
"07/2018",4610,17,41,615,626,328,356,1688,12,24,211,190,164,218,637,12,80
"08/2018",4648,8,35,580,612,353,328,1693,7,23,206,169,174,196,659,7,101
"09/2018",4600,21,56,635,632,342,363,1778,19,36,242,195,181,204,572,11,77
"10/2018",4825,21,56,652,725,313,394,1846,13,41,227,218,181,222,450,7,57
"11/2018",4164,14,30,574,595,278,402,1692,9,24,203,187,176,237,240,3,44
"12/2018",4107,13,45,566,571,291,355,1717,8,36,211,171,173,196,193,2,32
"01/2019",3875,12,38,550,558,259,347,1596,7,26,179,153,163,203,147,4,20
"02/2019",3344,11,24,450,488,250,287,1391,9,19,166,158,137,174,179,,37
"03/2019",3959,18,38,549,541,292,329,1623,16,30,211,170,169,186,340,2,45
"04/2019",4072,14,47,549,512,279,334,1538,11,32,187,154,149,185,421,8,54
"05/2019",4487,12,53,581,601,331,380,1649,9,33,197,166,156,230,593,12,91
"06/2019",4535,10,55,611,567,327,387,1622,6,37,209,156,154,210,652,11,98
"07/2019",4592,13,53,562,619,335,389,1628,9,35,182,182,148,231,666,8,114
"08/2019",4699,14,47,625,590,377,372,1700,9,33,216,145,172,220,677,7,120
"09/2019",4674,16,35,603,631,350,330,1645,11,17,206,163,177,181,619,11,86
"10/2019",4560,12,45,597,662,351,415,1767,12,32,194,195,204,243,397,8,61
"11/2019",4339,12,53,611,620,299,395,1731,8,38,198,190,167,219,247,4,38
"12/2019",4111,16,44,594,591,255,367,1696,14,34,169,171,155,216,176,2,31
"01/2020",3760,17,45,528,541,239,364,1539,11,28,183,165,147,217,165,2,22
"02/2020",3747,17,46,502,515,295,339,1596,14,32,177,165,193,196,212,4,35
"03/2020",3548,11,38,477,463,283,295,1441,7,22,185,131,151,187,326,4,49
"04/2020",3077,10,36,407,383,253,245,1198,9,28,127,122,146,143,365,3,55
"05/2020",4267,9,47,564,562,340,325,1588,8,28,188,154,172,198,551,11,89
"06/2020",5186,20,50,676,665,392,354,1878,15,36,214,220,213,203,707,7,94
"07/2020",5251,18,72,653,636,423,398,1964,12,51,238,200,206,226,740,8,116
"08/2020",5426,26,73,655,690,434,428,1991,20,42,215,223,205,243,775,16,120
"09/2020",5230,15,65,657,673,415,352,1921,11,48,225,196,212,216,703,7,113
"10/2020",5480,24,65,702,711,433,455,2037,17,46,242,208,219,246,573,4,92
"11/2020",4784,22,56,639,634,379,408,1903,17,43,226,175,225,231,385,2,51
"12/2020",4516,14,41,626,584,306,397,1826,12,28,207,167,173,220,213,4,35



"Publisher:", "National Highway Traffic Safety Administration"
"Copyright:", "The data contained in Data Planet(tm): A SAGE Publishing Resource is made available via license agreement with subscribing organizations. Your organization's license may vary from this version."